{"count":1,"self":328.30574079999997,"total":3761.0097929999997,"children":{"InitializeActuators":{"count":24,"self":0.000784,"total":0.000784,"children":null},"InitializeSensors":{"count":24,"self":0.001392,"total":0.001392,"children":null},"AgentSendState":{"count":505101,"self":181.2725376,"total":268.66251,"children":{"CollectObservations":{"count":2424648,"self":1.95281,"total":1.95281,"children":null},"WriteActionMask":{"count":2424648,"self":1.6272739999999999,"total":1.6272739999999999,"children":null},"RequestDecision":{"count":2424648,"self":7.4597511999999995,"total":83.809885,"children":{"AgentInfo.ToProto":{"count":2424648,"self":5.523908,"total":76.350134,"children":{"GenerateSensorData":{"count":2424648,"self":57.7218624,"total":70.826225999999991,"children":{"RayPerceptionSensor.Perceive":{"count":4849296,"self":13.104361599999999,"total":13.104362,"children":null}}}}}}}}},"DecideAction":{"count":505101,"self":3136.6285312,"total":3136.6285089999997,"children":null},"AgentAct":{"count":505101,"self":27.338364799999997,"total":27.338364,"children":null},"AgentInfo.ToProto":{"count":2028,"self":0.0065889999999999994,"total":0.07185699999999999,"children":{"GenerateSensorData":{"count":2028,"self":0.053097,"total":0.065267999999999993,"children":{"RayPerceptionSensor.Perceive":{"count":4056,"self":0.012171,"total":0.012171,"children":null}}}}}},"gauges":{"Striker.CumulativeReward":{"count":1352,"max":0.021425968,"min":-1.07332921,"runningAverage":-0.7413045,"value":-0.68316865,"weightedAverage":-0.778266},"Goalie.CumulativeReward":{"count":676,"max":0.6169613,"min":-26.9814949,"runningAverage":-0.21422559,"value":0.365831256,"weightedAverage":0.169163942}},"metadata":{"timer_format_version":"0.1.0","start_time_seconds":"1784465841","unity_version":"6000.3.12f1","command_line_arguments":"\/Applications\/Unity\/Hub\/Editor\/6000.3.12f1\/Unity.app\/Contents\/MacOS\/Unity -projectpath \/Users\/jaehyun\/Documents\/Projects\/Unity\/2026-PCUBE-RL-Study\/week4\/SoccerBots -acceptSoftwareTermsForThisRunOnly -useHub -hubIPC -cloudEnvironment production","communication_protocol_version":"1.5.0","com.unity.ml-agents_version":"4.0.3","scene_name":"Soccer","end_time_seconds":"1784469602"}}